ID;"Nombre Completo";Email;Username;DNI;Contraseña;Matriculado;"ID Matriculación"
5;"Juan Romero Navarro";juanromero1@estudiantes.test;juanromero1;36312113-N;estudiante123;Sí;1440
6;"Lucas Rubio Sanz";lucasrubio2@estudiantes.test;lucasrubio2;39419944-Z;estudiante123;Sí;1441
7;"Martina Navarro López";martinanavarro3@estudiantes.test;martinanavarro3;84240913-D;estudiante123;Sí;1442
8;"Adrián Romero Romero";adrianromero4@estudiantes.test;adrianromero4;56078614-Z;estudiante123;Sí;1443
9;"Carlos Ortiz Castro";carlosortiz5@estudiantes.test;carlosortiz5;47272181-M;estudiante123;Sí;1444
10;"Manuel García Castro";manuelgarcia6@estudiantes.test;manuelgarcia6;46292452-F;estudiante123;Sí;1445
11;"Manuel Ortega Marín";manuelortega7@estudiantes.test;manuelortega7;47531998-Z;estudiante123;Sí;1446
12;"Pablo Ortiz Suárez";pabloortiz8@estudiantes.test;pabloortiz8;83295550-S;estudiante123;Sí;1447
13;"Patricia Alonso Castro";patriciaalonso9@estudiantes.test;patriciaalonso9;41371505-W;estudiante123;Sí;1448
14;"Miguel Alonso Muñoz";miguelalonso10@estudiantes.test;miguelalonso10;60928291-A;estudiante123;Sí;1449
15;"Francisco Álvarez Muñoz";franciscolvarez11@estudiantes.test;franciscolvarez11;78358563-R;estudiante123;Sí;1450
16;"Álvaro Vázquez López";lvarovazquez12@estudiantes.test;lvarovazquez12;12510214-P;estudiante123;Sí;1451
17;"Carlos Suárez Sanz";carlossuarez13@estudiantes.test;carlossuarez13;83847541-Y;estudiante123;Sí;1452
18;"Sofía Morales Vázquez";sofiamorales14@estudiantes.test;sofiamorales14;10323296-E;estudiante123;Sí;1453
19;"Valeria Rodríguez González";valeriarodriguez15@estudiantes.test;valeriarodriguez15;14370336-M;estudiante123;Sí;1454
20;"Mateo Domínguez Molina";mateodominguez16@estudiantes.test;mateodominguez16;79705882-A;estudiante123;Sí;1455
21;"Francisco Sánchez Sánchez";franciscosanchez17@estudiantes.test;franciscosanchez17;21147642-Q;estudiante123;Sí;1456
22;"Enzo Álvarez Torres";enzolvarez18@estudiantes.test;enzolvarez18;31664537-T;estudiante123;Sí;1457
23;"Patricia Suárez García";patriciasuarez19@estudiantes.test;patriciasuarez19;17307734-G;estudiante123;Sí;1458
24;"Martina Pérez Marín";martinaperez20@estudiantes.test;martinaperez20;27464792-D;estudiante123;Sí;1459
25;"Josefa Díaz Álvarez";josefadiaz21@estudiantes.test;josefadiaz21;27083476-X;estudiante123;Sí;1460
26;"Hugo Ramos Iglesias";hugoramos22@estudiantes.test;hugoramos22;53906485-M;estudiante123;Sí;1461
27;"Josefa López García";josefalopez23@estudiantes.test;josefalopez23;45411062-T;estudiante123;Sí;1462
28;"Mía López Díaz";mialopez24@estudiantes.test;mialopez24;85333854-J;estudiante123;Sí;1463
29;"Miguel Gómez González";miguelgomez25@estudiantes.test;miguelgomez25;68517975-D;estudiante123;Sí;1464
30;"Daniel Rubio Álvarez";danielrubio26@estudiantes.test;danielrubio26;73856397-Q;estudiante123;Sí;1465
31;"Sofía Navarro Gómez";sofianavarro27@estudiantes.test;sofianavarro27;93452883-L;estudiante123;Sí;1466
32;"Miguel Suárez Suárez";miguelsuarez28@estudiantes.test;miguelsuarez28;90677116-F;estudiante123;Sí;1467
33;"Juan Martínez Rubio";juanmartinez29@estudiantes.test;juanmartinez29;71842355-S;estudiante123;Sí;1468
34;"Carmen Rodríguez Suárez";carmenrodriguez30@estudiantes.test;carmenrodriguez30;83369824-E;estudiante123;Sí;1469
35;"Lucía Gómez Romero";luciagomez31@estudiantes.test;luciagomez31;82118743-A;estudiante123;Sí;1470
36;"Isabel Martín Serrano";isabelmartin32@estudiantes.test;isabelmartin32;95800699-H;estudiante123;Sí;1471
37;"Daniel Alonso Ramos";danielalonso33@estudiantes.test;danielalonso33;92870476-H;estudiante123;Sí;1472
38;"Noa Díaz Morales";noadiaz34@estudiantes.test;noadiaz34;26850125-V;estudiante123;Sí;1473
39;"Pablo Blanco Ramos";pabloblanco35@estudiantes.test;pabloblanco35;11585874-S;estudiante123;Sí;1474
40;"Elena Ramos Álvarez";elenaramos36@estudiantes.test;elenaramos36;34047651-S;estudiante123;Sí;1475
41;"Laura Gómez Serrano";lauragomez37@estudiantes.test;lauragomez37;58683606-A;estudiante123;Sí;1476
42;"Martín Muñoz Navarro";martinmunoz38@estudiantes.test;martinmunoz38;38349191-A;estudiante123;Sí;1477
43;"Miguel García Morales";miguelgarcia39@estudiantes.test;miguelgarcia39;58831858-C;estudiante123;Sí;1478
44;"Elena Serrano Delgado";elenaserrano40@estudiantes.test;elenaserrano40;37965245-L;estudiante123;Sí;1479
45;"Manuel Molina Martínez";manuelmolina41@estudiantes.test;manuelmolina41;37356146-Y;estudiante123;Sí;1480
46;"Mía Ortiz Blanco";miaortiz42@estudiantes.test;miaortiz42;55005901-K;estudiante123;Sí;1481
47;"David Domínguez Álvarez";daviddominguez43@estudiantes.test;daviddominguez43;49812145-X;estudiante123;Sí;1482
48;"Carlos Martín Marín";carlosmartin44@estudiantes.test;carlosmartin44;63832336-E;estudiante123;Sí;1483
49;"Sofía Rubio Muñoz";sofiarubio45@estudiantes.test;sofiarubio45;24813186-G;estudiante123;Sí;1484
50;"Carmen Vázquez Sánchez";carmenvazquez46@estudiantes.test;carmenvazquez46;43693025-V;estudiante123;Sí;1485
51;"David Vázquez Serrano";davidvazquez47@estudiantes.test;davidvazquez47;82390537-Y;estudiante123;Sí;1486
52;"Josefa Blanco Delgado";josefablanco48@estudiantes.test;josefablanco48;22963164-X;estudiante123;Sí;1487
53;"Adrián Suárez Torres";adriansuarez49@estudiantes.test;adriansuarez49;46306469-V;estudiante123;Sí;1488
54;"Daniel González Sanz";danielgonzalez50@estudiantes.test;danielgonzalez50;90592388-B;estudiante123;Sí;1489
